{
  "type": "FeatureCollection",
  "features": [
    {
      "type": "Feature",
      "properties": {},
      "geometry": {
        "type": "LineString",
        "coordinates": [
          [
            148.40332031249997,
            -35.34425514918407
          ],
          [
            147.85400390625,
            -36.40359962073253
          ],
          [
            149.2822265625,
            -36.712467243386264
          ],
          [
            149.96337890625,
            -35.906849306771186
          ],
          [
            149.6337890625,
            -35.09294531373263
          ],
          [
            148.40332031249997,
            -35.290468565908775
          ]
        ]
      }
    },
    {
      "type": "Feature",
      "properties": {},
      "geometry": {
        "type": "LineString",
        "coordinates": [
          [
            148.40332031249997,
            -35.33529320309327
          ],
          [
            148.42529296875,
            -35.281500657891186
          ]
        ]
      }
    },
    {
      "type": "Feature",
      "properties": {},
      "geometry": {
        "type": "LineString",
        "coordinates": [
          [
            27.39990234375,
            -24.686952411999144
          ],
          [
            20.58837890625,
            -28.343064904825475
          ],
          [
            24.477539062499996,
            -30.240086360983412
          ],
          [
            28.828124999999996,
            -27.955591004642528
          ],
          [
            30.78369140625,
            -23.88583769986199
          ],
          [
            27.24609375,
            -24.666986385216248
          ]
        ]
      }
    },
    {
      "type": "Feature",
      "properties": {
        "stroke": "#555555",
        "stroke-width": 2,
        "stroke-opacity": 1
      },
      "geometry": {
        "type": "LineString",
        "coordinates": [
          [
            27.26806640625,
            -24.607069137709694
          ],
          [
            27.39990234375,
            -24.686952411999144
          ]
        ]
      }
    }
  ]
}